"","ONTOLOGY","ID","Description","GeneRatio","BgRatio","pvalue","p.adjust","qvalue","geneID","Count"
"GO:0016281","CC","GO:0016281","eukaryotic translation initiation factor 4F complex","1/12","12/18602",0.00771597013917968,0.042312643046628,0.00989769427991297,"eif4e2",1
"GO:0016581","CC","GO:0016581","NuRD complex","1/12","13/18602",0.00835649775393643,0.042312643046628,0.00989769427991297,"chd5",1
"GO:0090545","CC","GO:0090545","CHD-type complex","1/12","13/18602",0.00835649775393643,0.042312643046628,0.00989769427991297,"chd5",1
"GO:0042575","CC","GO:0042575","DNA polymerase complex","1/12","15/18602",0.00963641609492583,0.042312643046628,0.00989769427991297,"pole",1
"GO:0035267","CC","GO:0035267","NuA4 histone acetyltransferase complex","1/12","22/18602",0.014104214348876,0.042312643046628,0.00989769427991297,"epc1b",1
"GO:0043189","CC","GO:0043189","H4/H2A histone acetyltransferase complex","1/12","22/18602",0.014104214348876,0.042312643046628,0.00989769427991297,"epc1b",1
"GO:0140097","MF","GO:0140097","catalytic activity, acting on DNA","3/10","183/17771",0.000122226750793326,0.00794473880156618,0.00334515317960681,"chd5/rfc5/pole",3
"GO:0008094","MF","GO:0008094","ATP-dependent activity, acting on DNA","2/10","83/17771",0.000946549003493509,0.030762842613539,0.0129527758372796,"chd5/rfc5",2
